cmd,duration_s,model,returncode,run_id,status,tag
C:\Users\KOMFIG\anaconda3\python.exe -m cli analyze-cond --train C:\omega\omega\corpora\ising1d\ising1d_train.txt --holdout C:\omega\omega\corpora\ising1d\ising1d_tail.txt --mode words --label-mode ib --control global --n 3 --k_ctx 5 --ib-clusters 32 --ib-max-contexts 6000 --stride 1 --seed 111 --bootstrap 2000 --alpha 0.05 --out-json C:\omega\omega\runs\ising1d\ising1d-n3-k5-cl32-ctx6000-s1-sd111-bs2000-a0p05-tGLOBAL_shuffle-f3a0a4a8dfa5\ising1d-n3-k5-cl32-ctx6000-s1-sd111-bs2000-a0p05-tGLOBAL_shuffle-f3a0a4a8dfa5.json,172.111,ising1d,0,f3a0a4a8dfa5,OK,ising1d-n3-k5-cl32-ctx6000-s1-sd111-bs2000-a0p05-tGLOBAL_shuffle-f3a0a4a8dfa5
C:\Users\KOMFIG\anaconda3\python.exe -m cli analyze-cond --train C:\omega\omega\corpora\ising1d\ising1d_train.txt --holdout C:\omega\omega\corpora\ising1d\ising1d_tail.txt --mode words --label-mode ib --control global --n 3 --k_ctx 5 --ib-clusters 32 --ib-max-contexts 9000 --stride 1 --seed 111 --bootstrap 2000 --alpha 0.05 --out-json C:\omega\omega\runs\ising1d\ising1d-n3-k5-cl32-ctx9000-s1-sd111-bs2000-a0p05-tGLOBAL_shuffle-d32ac8661878\ising1d-n3-k5-cl32-ctx9000-s1-sd111-bs2000-a0p05-tGLOBAL_shuffle-d32ac8661878.json,173.045,ising1d,0,d32ac8661878,OK,ising1d-n3-k5-cl32-ctx9000-s1-sd111-bs2000-a0p05-tGLOBAL_shuffle-d32ac8661878
C:\Users\KOMFIG\anaconda3\python.exe -m cli analyze-cond --train C:\omega\omega\corpora\ising1d\ising1d_train.txt --holdout C:\omega\omega\corpora\ising1d\ising1d_tail.txt --mode words --label-mode ib --control global --n 3 --k_ctx 5 --ib-clusters 32 --ib-max-contexts 6000 --stride 1 --seed 333 --bootstrap 2000 --alpha 0.05 --out-json C:\omega\omega\runs\ising1d\ising1d-n3-k5-cl32-ctx6000-s1-sd333-bs2000-a0p05-tGLOBAL_shuffle-e75b243c02a4\ising1d-n3-k5-cl32-ctx6000-s1-sd333-bs2000-a0p05-tGLOBAL_shuffle-e75b243c02a4.json,172.025,ising1d,0,e75b243c02a4,OK,ising1d-n3-k5-cl32-ctx6000-s1-sd333-bs2000-a0p05-tGLOBAL_shuffle-e75b243c02a4
C:\Users\KOMFIG\anaconda3\python.exe -m cli analyze-cond --train C:\omega\omega\corpora\ising1d\ising1d_train.txt --holdout C:\omega\omega\corpora\ising1d\ising1d_tail.txt --mode words --label-mode ib --control global --n 3 --k_ctx 5 --ib-clusters 32 --ib-max-contexts 9000 --stride 1 --seed 333 --bootstrap 2000 --alpha 0.05 --out-json C:\omega\omega\runs\ising1d\ising1d-n3-k5-cl32-ctx9000-s1-sd333-bs2000-a0p05-tGLOBAL_shuffle-9c9fc7e192c9\ising1d-n3-k5-cl32-ctx9000-s1-sd333-bs2000-a0p05-tGLOBAL_shuffle-9c9fc7e192c9.json,165.986,ising1d,0,9c9fc7e192c9,OK,ising1d-n3-k5-cl32-ctx9000-s1-sd333-bs2000-a0p05-tGLOBAL_shuffle-9c9fc7e192c9
C:\Users\KOMFIG\anaconda3\python.exe -m cli analyze-cond --train C:\omega\omega\corpora\ising1d\ising1d_train.txt --holdout C:\omega\omega\corpora\ising1d\ising1d_tail.txt --mode words --label-mode ib --control global --n 3 --k_ctx 5 --ib-clusters 32 --ib-max-contexts 6000 --stride 2 --seed 111 --bootstrap 2000 --alpha 0.05 --out-json C:\omega\omega\runs\ising1d\ising1d-n3-k5-cl32-ctx6000-s2-sd111-bs2000-a0p05-tGLOBAL_shuffle-d95ff5b78dca\ising1d-n3-k5-cl32-ctx6000-s2-sd111-bs2000-a0p05-tGLOBAL_shuffle-d95ff5b78dca.json,168.16,ising1d,0,d95ff5b78dca,OK,ising1d-n3-k5-cl32-ctx6000-s2-sd111-bs2000-a0p05-tGLOBAL_shuffle-d95ff5b78dca
C:\Users\KOMFIG\anaconda3\python.exe -m cli analyze-cond --train C:\omega\omega\corpora\ising1d\ising1d_train.txt --holdout C:\omega\omega\corpora\ising1d\ising1d_tail.txt --mode words --label-mode ib --control global --n 3 --k_ctx 5 --ib-clusters 32 --ib-max-contexts 9000 --stride 2 --seed 111 --bootstrap 2000 --alpha 0.05 --out-json C:\omega\omega\runs\ising1d\ising1d-n3-k5-cl32-ctx9000-s2-sd111-bs2000-a0p05-tGLOBAL_shuffle-b58223112a12\ising1d-n3-k5-cl32-ctx9000-s2-sd111-bs2000-a0p05-tGLOBAL_shuffle-b58223112a12.json,168.64,ising1d,0,b58223112a12,OK,ising1d-n3-k5-cl32-ctx9000-s2-sd111-bs2000-a0p05-tGLOBAL_shuffle-b58223112a12
C:\Users\KOMFIG\anaconda3\python.exe -m cli analyze-cond --train C:\omega\omega\corpora\ising1d\ising1d_train.txt --holdout C:\omega\omega\corpora\ising1d\ising1d_tail.txt --mode words --label-mode ib --control global --n 3 --k_ctx 5 --ib-clusters 32 --ib-max-contexts 6000 --stride 2 --seed 333 --bootstrap 2000 --alpha 0.05 --out-json C:\omega\omega\runs\ising1d\ising1d-n3-k5-cl32-ctx6000-s2-sd333-bs2000-a0p05-tGLOBAL_shuffle-3b87bc8794ac\ising1d-n3-k5-cl32-ctx6000-s2-sd333-bs2000-a0p05-tGLOBAL_shuffle-3b87bc8794ac.json,164.784,ising1d,0,3b87bc8794ac,OK,ising1d-n3-k5-cl32-ctx6000-s2-sd333-bs2000-a0p05-tGLOBAL_shuffle-3b87bc8794ac
C:\Users\KOMFIG\anaconda3\python.exe -m cli analyze-cond --train C:\omega\omega\corpora\ising1d\ising1d_train.txt --holdout C:\omega\omega\corpora\ising1d\ising1d_tail.txt --mode words --label-mode ib --control global --n 3 --k_ctx 5 --ib-clusters 32 --ib-max-contexts 9000 --stride 2 --seed 333 --bootstrap 2000 --alpha 0.05 --out-json C:\omega\omega\runs\ising1d\ising1d-n3-k5-cl32-ctx9000-s2-sd333-bs2000-a0p05-tGLOBAL_shuffle-9345ebe2e420\ising1d-n3-k5-cl32-ctx9000-s2-sd333-bs2000-a0p05-tGLOBAL_shuffle-9345ebe2e420.json,170.379,ising1d,0,9345ebe2e420,OK,ising1d-n3-k5-cl32-ctx9000-s2-sd333-bs2000-a0p05-tGLOBAL_shuffle-9345ebe2e420
C:\Users\KOMFIG\anaconda3\python.exe -m cli analyze-cond --train C:\omega\omega\corpora\ising1d\ising1d_train.txt --holdout C:\omega\omega\corpora\ising1d\ising1d_tail.txt --mode words --label-mode ib --control global --n 3 --k_ctx 5 --ib-clusters 64 --ib-max-contexts 6000 --stride 1 --seed 111 --bootstrap 2000 --alpha 0.05 --out-json C:\omega\omega\runs\ising1d\ising1d-n3-k5-cl64-ctx6000-s1-sd111-bs2000-a0p05-tGLOBAL_shuffle-7ae0071d0626\ising1d-n3-k5-cl64-ctx6000-s1-sd111-bs2000-a0p05-tGLOBAL_shuffle-7ae0071d0626.json,177.678,ising1d,0,7ae0071d0626,OK,ising1d-n3-k5-cl64-ctx6000-s1-sd111-bs2000-a0p05-tGLOBAL_shuffle-7ae0071d0626
C:\Users\KOMFIG\anaconda3\python.exe -m cli analyze-cond --train C:\omega\omega\corpora\ising1d\ising1d_train.txt --holdout C:\omega\omega\corpora\ising1d\ising1d_tail.txt --mode words --label-mode ib --control global --n 3 --k_ctx 5 --ib-clusters 64 --ib-max-contexts 9000 --stride 1 --seed 111 --bootstrap 2000 --alpha 0.05 --out-json C:\omega\omega\runs\ising1d\ising1d-n3-k5-cl64-ctx9000-s1-sd111-bs2000-a0p05-tGLOBAL_shuffle-f7941c7b3a0b\ising1d-n3-k5-cl64-ctx9000-s1-sd111-bs2000-a0p05-tGLOBAL_shuffle-f7941c7b3a0b.json,178.535,ising1d,0,f7941c7b3a0b,OK,ising1d-n3-k5-cl64-ctx9000-s1-sd111-bs2000-a0p05-tGLOBAL_shuffle-f7941c7b3a0b
C:\Users\KOMFIG\anaconda3\python.exe -m cli analyze-cond --train C:\omega\omega\corpora\ising1d\ising1d_train.txt --holdout C:\omega\omega\corpora\ising1d\ising1d_tail.txt --mode words --label-mode ib --control global --n 3 --k_ctx 5 --ib-clusters 64 --ib-max-contexts 6000 --stride 1 --seed 333 --bootstrap 2000 --alpha 0.05 --out-json C:\omega\omega\runs\ising1d\ising1d-n3-k5-cl64-ctx6000-s1-sd333-bs2000-a0p05-tGLOBAL_shuffle-3b280e86dccd\ising1d-n3-k5-cl64-ctx6000-s1-sd333-bs2000-a0p05-tGLOBAL_shuffle-3b280e86dccd.json,182.297,ising1d,0,3b280e86dccd,OK,ising1d-n3-k5-cl64-ctx6000-s1-sd333-bs2000-a0p05-tGLOBAL_shuffle-3b280e86dccd
C:\Users\KOMFIG\anaconda3\python.exe -m cli analyze-cond --train C:\omega\omega\corpora\ising1d\ising1d_train.txt --holdout C:\omega\omega\corpora\ising1d\ising1d_tail.txt --mode words --label-mode ib --control global --n 3 --k_ctx 5 --ib-clusters 64 --ib-max-contexts 9000 --stride 1 --seed 333 --bootstrap 2000 --alpha 0.05 --out-json C:\omega\omega\runs\ising1d\ising1d-n3-k5-cl64-ctx9000-s1-sd333-bs2000-a0p05-tGLOBAL_shuffle-a6af06b3a6c3\ising1d-n3-k5-cl64-ctx9000-s1-sd333-bs2000-a0p05-tGLOBAL_shuffle-a6af06b3a6c3.json,172.563,ising1d,0,a6af06b3a6c3,OK,ising1d-n3-k5-cl64-ctx9000-s1-sd333-bs2000-a0p05-tGLOBAL_shuffle-a6af06b3a6c3
C:\Users\KOMFIG\anaconda3\python.exe -m cli analyze-cond --train C:\omega\omega\corpora\ising1d\ising1d_train.txt --holdout C:\omega\omega\corpora\ising1d\ising1d_tail.txt --mode words --label-mode ib --control global --n 3 --k_ctx 5 --ib-clusters 64 --ib-max-contexts 6000 --stride 2 --seed 111 --bootstrap 2000 --alpha 0.05 --out-json C:\omega\omega\runs\ising1d\ising1d-n3-k5-cl64-ctx6000-s2-sd111-bs2000-a0p05-tGLOBAL_shuffle-898992b63a5c\ising1d-n3-k5-cl64-ctx6000-s2-sd111-bs2000-a0p05-tGLOBAL_shuffle-898992b63a5c.json,175.79,ising1d,0,898992b63a5c,OK,ising1d-n3-k5-cl64-ctx6000-s2-sd111-bs2000-a0p05-tGLOBAL_shuffle-898992b63a5c
C:\Users\KOMFIG\anaconda3\python.exe -m cli analyze-cond --train C:\omega\omega\corpora\ising1d\ising1d_train.txt --holdout C:\omega\omega\corpora\ising1d\ising1d_tail.txt --mode words --label-mode ib --control global --n 3 --k_ctx 5 --ib-clusters 64 --ib-max-contexts 9000 --stride 2 --seed 111 --bootstrap 2000 --alpha 0.05 --out-json C:\omega\omega\runs\ising1d\ising1d-n3-k5-cl64-ctx9000-s2-sd111-bs2000-a0p05-tGLOBAL_shuffle-011b5df8fc05\ising1d-n3-k5-cl64-ctx9000-s2-sd111-bs2000-a0p05-tGLOBAL_shuffle-011b5df8fc05.json,176.767,ising1d,0,011b5df8fc05,OK,ising1d-n3-k5-cl64-ctx9000-s2-sd111-bs2000-a0p05-tGLOBAL_shuffle-011b5df8fc05
C:\Users\KOMFIG\anaconda3\python.exe -m cli analyze-cond --train C:\omega\omega\corpora\ising1d\ising1d_train.txt --holdout C:\omega\omega\corpora\ising1d\ising1d_tail.txt --mode words --label-mode ib --control global --n 3 --k_ctx 5 --ib-clusters 64 --ib-max-contexts 6000 --stride 2 --seed 333 --bootstrap 2000 --alpha 0.05 --out-json C:\omega\omega\runs\ising1d\ising1d-n3-k5-cl64-ctx6000-s2-sd333-bs2000-a0p05-tGLOBAL_shuffle-f9b589d46d99\ising1d-n3-k5-cl64-ctx6000-s2-sd333-bs2000-a0p05-tGLOBAL_shuffle-f9b589d46d99.json,178.351,ising1d,0,f9b589d46d99,OK,ising1d-n3-k5-cl64-ctx6000-s2-sd333-bs2000-a0p05-tGLOBAL_shuffle-f9b589d46d99
C:\Users\KOMFIG\anaconda3\python.exe -m cli analyze-cond --train C:\omega\omega\corpora\ising1d\ising1d_train.txt --holdout C:\omega\omega\corpora\ising1d\ising1d_tail.txt --mode words --label-mode ib --control global --n 3 --k_ctx 5 --ib-clusters 64 --ib-max-contexts 9000 --stride 2 --seed 333 --bootstrap 2000 --alpha 0.05 --out-json C:\omega\omega\runs\ising1d\ising1d-n3-k5-cl64-ctx9000-s2-sd333-bs2000-a0p05-tGLOBAL_shuffle-fa801bb4ecfa\ising1d-n3-k5-cl64-ctx9000-s2-sd333-bs2000-a0p05-tGLOBAL_shuffle-fa801bb4ecfa.json,168.546,ising1d,0,fa801bb4ecfa,OK,ising1d-n3-k5-cl64-ctx9000-s2-sd333-bs2000-a0p05-tGLOBAL_shuffle-fa801bb4ecfa
C:\Users\KOMFIG\anaconda3\python.exe -m cli analyze-cond --train C:\omega\omega\corpora\ising1d\ising1d_train.txt --holdout C:\omega\omega\corpora\ising1d\ising1d_tail.txt --mode words --label-mode ib --control global --n 3 --k_ctx 7 --ib-clusters 32 --ib-max-contexts 6000 --stride 1 --seed 111 --bootstrap 2000 --alpha 0.05 --out-json C:\omega\omega\runs\ising1d\ising1d-n3-k7-cl32-ctx6000-s1-sd111-bs2000-a0p05-tGLOBAL_shuffle-c1c1d8fb6ddf\ising1d-n3-k7-cl32-ctx6000-s1-sd111-bs2000-a0p05-tGLOBAL_shuffle-c1c1d8fb6ddf.json,162.901,ising1d,0,c1c1d8fb6ddf,OK,ising1d-n3-k7-cl32-ctx6000-s1-sd111-bs2000-a0p05-tGLOBAL_shuffle-c1c1d8fb6ddf
C:\Users\KOMFIG\anaconda3\python.exe -m cli analyze-cond --train C:\omega\omega\corpora\ising1d\ising1d_train.txt --holdout C:\omega\omega\corpora\ising1d\ising1d_tail.txt --mode words --label-mode ib --control global --n 3 --k_ctx 7 --ib-clusters 32 --ib-max-contexts 9000 --stride 1 --seed 111 --bootstrap 2000 --alpha 0.05 --out-json C:\omega\omega\runs\ising1d\ising1d-n3-k7-cl32-ctx9000-s1-sd111-bs2000-a0p05-tGLOBAL_shuffle-b9985b6e830e\ising1d-n3-k7-cl32-ctx9000-s1-sd111-bs2000-a0p05-tGLOBAL_shuffle-b9985b6e830e.json,166.336,ising1d,0,b9985b6e830e,OK,ising1d-n3-k7-cl32-ctx9000-s1-sd111-bs2000-a0p05-tGLOBAL_shuffle-b9985b6e830e
C:\Users\KOMFIG\anaconda3\python.exe -m cli analyze-cond --train C:\omega\omega\corpora\ising1d\ising1d_train.txt --holdout C:\omega\omega\corpora\ising1d\ising1d_tail.txt --mode words --label-mode ib --control global --n 3 --k_ctx 7 --ib-clusters 32 --ib-max-contexts 6000 --stride 1 --seed 333 --bootstrap 2000 --alpha 0.05 --out-json C:\omega\omega\runs\ising1d\ising1d-n3-k7-cl32-ctx6000-s1-sd333-bs2000-a0p05-tGLOBAL_shuffle-429bb76935a4\ising1d-n3-k7-cl32-ctx6000-s1-sd333-bs2000-a0p05-tGLOBAL_shuffle-429bb76935a4.json,165.412,ising1d,0,429bb76935a4,OK,ising1d-n3-k7-cl32-ctx6000-s1-sd333-bs2000-a0p05-tGLOBAL_shuffle-429bb76935a4
C:\Users\KOMFIG\anaconda3\python.exe -m cli analyze-cond --train C:\omega\omega\corpora\ising1d\ising1d_train.txt --holdout C:\omega\omega\corpora\ising1d\ising1d_tail.txt --mode words --label-mode ib --control global --n 3 --k_ctx 7 --ib-clusters 32 --ib-max-contexts 9000 --stride 1 --seed 333 --bootstrap 2000 --alpha 0.05 --out-json C:\omega\omega\runs\ising1d\ising1d-n3-k7-cl32-ctx9000-s1-sd333-bs2000-a0p05-tGLOBAL_shuffle-a966d561e6cb\ising1d-n3-k7-cl32-ctx9000-s1-sd333-bs2000-a0p05-tGLOBAL_shuffle-a966d561e6cb.json,159.427,ising1d,0,a966d561e6cb,OK,ising1d-n3-k7-cl32-ctx9000-s1-sd333-bs2000-a0p05-tGLOBAL_shuffle-a966d561e6cb
C:\Users\KOMFIG\anaconda3\python.exe -m cli analyze-cond --train C:\omega\omega\corpora\ising1d\ising1d_train.txt --holdout C:\omega\omega\corpora\ising1d\ising1d_tail.txt --mode words --label-mode ib --control global --n 3 --k_ctx 7 --ib-clusters 32 --ib-max-contexts 6000 --stride 2 --seed 111 --bootstrap 2000 --alpha 0.05 --out-json C:\omega\omega\runs\ising1d\ising1d-n3-k7-cl32-ctx6000-s2-sd111-bs2000-a0p05-tGLOBAL_shuffle-05063d707f57\ising1d-n3-k7-cl32-ctx6000-s2-sd111-bs2000-a0p05-tGLOBAL_shuffle-05063d707f57.json,166.086,ising1d,0,05063d707f57,OK,ising1d-n3-k7-cl32-ctx6000-s2-sd111-bs2000-a0p05-tGLOBAL_shuffle-05063d707f57
C:\Users\KOMFIG\anaconda3\python.exe -m cli analyze-cond --train C:\omega\omega\corpora\ising1d\ising1d_train.txt --holdout C:\omega\omega\corpora\ising1d\ising1d_tail.txt --mode words --label-mode ib --control global --n 3 --k_ctx 7 --ib-clusters 32 --ib-max-contexts 9000 --stride 2 --seed 111 --bootstrap 2000 --alpha 0.05 --out-json C:\omega\omega\runs\ising1d\ising1d-n3-k7-cl32-ctx9000-s2-sd111-bs2000-a0p05-tGLOBAL_shuffle-1b58e5f8d25e\ising1d-n3-k7-cl32-ctx9000-s2-sd111-bs2000-a0p05-tGLOBAL_shuffle-1b58e5f8d25e.json,162.483,ising1d,0,1b58e5f8d25e,OK,ising1d-n3-k7-cl32-ctx9000-s2-sd111-bs2000-a0p05-tGLOBAL_shuffle-1b58e5f8d25e
C:\Users\KOMFIG\anaconda3\python.exe -m cli analyze-cond --train C:\omega\omega\corpora\ising1d\ising1d_train.txt --holdout C:\omega\omega\corpora\ising1d\ising1d_tail.txt --mode words --label-mode ib --control global --n 3 --k_ctx 7 --ib-clusters 32 --ib-max-contexts 6000 --stride 2 --seed 333 --bootstrap 2000 --alpha 0.05 --out-json C:\omega\omega\runs\ising1d\ising1d-n3-k7-cl32-ctx6000-s2-sd333-bs2000-a0p05-tGLOBAL_shuffle-3951bf3d047e\ising1d-n3-k7-cl32-ctx6000-s2-sd333-bs2000-a0p05-tGLOBAL_shuffle-3951bf3d047e.json,159.313,ising1d,0,3951bf3d047e,OK,ising1d-n3-k7-cl32-ctx6000-s2-sd333-bs2000-a0p05-tGLOBAL_shuffle-3951bf3d047e
C:\Users\KOMFIG\anaconda3\python.exe -m cli analyze-cond --train C:\omega\omega\corpora\ising1d\ising1d_train.txt --holdout C:\omega\omega\corpora\ising1d\ising1d_tail.txt --mode words --label-mode ib --control global --n 3 --k_ctx 7 --ib-clusters 32 --ib-max-contexts 9000 --stride 2 --seed 333 --bootstrap 2000 --alpha 0.05 --out-json C:\omega\omega\runs\ising1d\ising1d-n3-k7-cl32-ctx9000-s2-sd333-bs2000-a0p05-tGLOBAL_shuffle-dba89a7b4678\ising1d-n3-k7-cl32-ctx9000-s2-sd333-bs2000-a0p05-tGLOBAL_shuffle-dba89a7b4678.json,167.031,ising1d,0,dba89a7b4678,OK,ising1d-n3-k7-cl32-ctx9000-s2-sd333-bs2000-a0p05-tGLOBAL_shuffle-dba89a7b4678
C:\Users\KOMFIG\anaconda3\python.exe -m cli analyze-cond --train C:\omega\omega\corpora\ising1d\ising1d_train.txt --holdout C:\omega\omega\corpora\ising1d\ising1d_tail.txt --mode words --label-mode ib --control global --n 3 --k_ctx 7 --ib-clusters 64 --ib-max-contexts 6000 --stride 1 --seed 111 --bootstrap 2000 --alpha 0.05 --out-json C:\omega\omega\runs\ising1d\ising1d-n3-k7-cl64-ctx6000-s1-sd111-bs2000-a0p05-tGLOBAL_shuffle-c6916c89e949\ising1d-n3-k7-cl64-ctx6000-s1-sd111-bs2000-a0p05-tGLOBAL_shuffle-c6916c89e949.json,168.921,ising1d,0,c6916c89e949,OK,ising1d-n3-k7-cl64-ctx6000-s1-sd111-bs2000-a0p05-tGLOBAL_shuffle-c6916c89e949
C:\Users\KOMFIG\anaconda3\python.exe -m cli analyze-cond --train C:\omega\omega\corpora\ising1d\ising1d_train.txt --holdout C:\omega\omega\corpora\ising1d\ising1d_tail.txt --mode words --label-mode ib --control global --n 3 --k_ctx 7 --ib-clusters 64 --ib-max-contexts 9000 --stride 1 --seed 111 --bootstrap 2000 --alpha 0.05 --out-json C:\omega\omega\runs\ising1d\ising1d-n3-k7-cl64-ctx9000-s1-sd111-bs2000-a0p05-tGLOBAL_shuffle-680f7ea3d8fa\ising1d-n3-k7-cl64-ctx9000-s1-sd111-bs2000-a0p05-tGLOBAL_shuffle-680f7ea3d8fa.json,167.344,ising1d,0,680f7ea3d8fa,OK,ising1d-n3-k7-cl64-ctx9000-s1-sd111-bs2000-a0p05-tGLOBAL_shuffle-680f7ea3d8fa
C:\Users\KOMFIG\anaconda3\python.exe -m cli analyze-cond --train C:\omega\omega\corpora\ising1d\ising1d_train.txt --holdout C:\omega\omega\corpora\ising1d\ising1d_tail.txt --mode words --label-mode ib --control global --n 3 --k_ctx 7 --ib-clusters 64 --ib-max-contexts 6000 --stride 1 --seed 333 --bootstrap 2000 --alpha 0.05 --out-json C:\omega\omega\runs\ising1d\ising1d-n3-k7-cl64-ctx6000-s1-sd333-bs2000-a0p05-tGLOBAL_shuffle-e99b4e5b1ef6\ising1d-n3-k7-cl64-ctx6000-s1-sd333-bs2000-a0p05-tGLOBAL_shuffle-e99b4e5b1ef6.json,170.219,ising1d,0,e99b4e5b1ef6,OK,ising1d-n3-k7-cl64-ctx6000-s1-sd333-bs2000-a0p05-tGLOBAL_shuffle-e99b4e5b1ef6
C:\Users\KOMFIG\anaconda3\python.exe -m cli analyze-cond --train C:\omega\omega\corpora\ising1d\ising1d_train.txt --holdout C:\omega\omega\corpora\ising1d\ising1d_tail.txt --mode words --label-mode ib --control global --n 3 --k_ctx 7 --ib-clusters 64 --ib-max-contexts 9000 --stride 1 --seed 333 --bootstrap 2000 --alpha 0.05 --out-json C:\omega\omega\runs\ising1d\ising1d-n3-k7-cl64-ctx9000-s1-sd333-bs2000-a0p05-tGLOBAL_shuffle-2796d77b8e1b\ising1d-n3-k7-cl64-ctx9000-s1-sd333-bs2000-a0p05-tGLOBAL_shuffle-2796d77b8e1b.json,171.266,ising1d,0,2796d77b8e1b,OK,ising1d-n3-k7-cl64-ctx9000-s1-sd333-bs2000-a0p05-tGLOBAL_shuffle-2796d77b8e1b
C:\Users\KOMFIG\anaconda3\python.exe -m cli analyze-cond --train C:\omega\omega\corpora\ising1d\ising1d_train.txt --holdout C:\omega\omega\corpora\ising1d\ising1d_tail.txt --mode words --label-mode ib --control global --n 3 --k_ctx 7 --ib-clusters 64 --ib-max-contexts 6000 --stride 2 --seed 111 --bootstrap 2000 --alpha 0.05 --out-json C:\omega\omega\runs\ising1d\ising1d-n3-k7-cl64-ctx6000-s2-sd111-bs2000-a0p05-tGLOBAL_shuffle-962696915074\ising1d-n3-k7-cl64-ctx6000-s2-sd111-bs2000-a0p05-tGLOBAL_shuffle-962696915074.json,167.704,ising1d,0,962696915074,OK,ising1d-n3-k7-cl64-ctx6000-s2-sd111-bs2000-a0p05-tGLOBAL_shuffle-962696915074
C:\Users\KOMFIG\anaconda3\python.exe -m cli analyze-cond --train C:\omega\omega\corpora\ising1d\ising1d_train.txt --holdout C:\omega\omega\corpora\ising1d\ising1d_tail.txt --mode words --label-mode ib --control global --n 3 --k_ctx 7 --ib-clusters 64 --ib-max-contexts 9000 --stride 2 --seed 111 --bootstrap 2000 --alpha 0.05 --out-json C:\omega\omega\runs\ising1d\ising1d-n3-k7-cl64-ctx9000-s2-sd111-bs2000-a0p05-tGLOBAL_shuffle-b317f4aa2a65\ising1d-n3-k7-cl64-ctx9000-s2-sd111-bs2000-a0p05-tGLOBAL_shuffle-b317f4aa2a65.json,170.015,ising1d,0,b317f4aa2a65,OK,ising1d-n3-k7-cl64-ctx9000-s2-sd111-bs2000-a0p05-tGLOBAL_shuffle-b317f4aa2a65
C:\Users\KOMFIG\anaconda3\python.exe -m cli analyze-cond --train C:\omega\omega\corpora\ising1d\ising1d_train.txt --holdout C:\omega\omega\corpora\ising1d\ising1d_tail.txt --mode words --label-mode ib --control global --n 3 --k_ctx 7 --ib-clusters 64 --ib-max-contexts 6000 --stride 2 --seed 333 --bootstrap 2000 --alpha 0.05 --out-json C:\omega\omega\runs\ising1d\ising1d-n3-k7-cl64-ctx6000-s2-sd333-bs2000-a0p05-tGLOBAL_shuffle-e2d5c0a905b2\ising1d-n3-k7-cl64-ctx6000-s2-sd333-bs2000-a0p05-tGLOBAL_shuffle-e2d5c0a905b2.json,164.343,ising1d,0,e2d5c0a905b2,OK,ising1d-n3-k7-cl64-ctx6000-s2-sd333-bs2000-a0p05-tGLOBAL_shuffle-e2d5c0a905b2
C:\Users\KOMFIG\anaconda3\python.exe -m cli analyze-cond --train C:\omega\omega\corpora\ising1d\ising1d_train.txt --holdout C:\omega\omega\corpora\ising1d\ising1d_tail.txt --mode words --label-mode ib --control global --n 3 --k_ctx 7 --ib-clusters 64 --ib-max-contexts 9000 --stride 2 --seed 333 --bootstrap 2000 --alpha 0.05 --out-json C:\omega\omega\runs\ising1d\ising1d-n3-k7-cl64-ctx9000-s2-sd333-bs2000-a0p05-tGLOBAL_shuffle-92ec8011863c\ising1d-n3-k7-cl64-ctx9000-s2-sd333-bs2000-a0p05-tGLOBAL_shuffle-92ec8011863c.json,165.376,ising1d,0,92ec8011863c,OK,ising1d-n3-k7-cl64-ctx9000-s2-sd333-bs2000-a0p05-tGLOBAL_shuffle-92ec8011863c
C:\Users\KOMFIG\anaconda3\python.exe -m cli analyze-cond --train C:\omega\omega\corpora\ising1d\ising1d_train.txt --holdout C:\omega\omega\corpora\ising1d\ising1d_tail.txt --mode words --label-mode ib --control global --n 4 --k_ctx 5 --ib-clusters 32 --ib-max-contexts 6000 --stride 1 --seed 111 --bootstrap 2000 --alpha 0.05 --out-json C:\omega\omega\runs\ising1d\ising1d-n4-k5-cl32-ctx6000-s1-sd111-bs2000-a0p05-tGLOBAL_shuffle-fe2366d157ed\ising1d-n4-k5-cl32-ctx6000-s1-sd111-bs2000-a0p05-tGLOBAL_shuffle-fe2366d157ed.json,161.013,ising1d,0,fe2366d157ed,OK,ising1d-n4-k5-cl32-ctx6000-s1-sd111-bs2000-a0p05-tGLOBAL_shuffle-fe2366d157ed
C:\Users\KOMFIG\anaconda3\python.exe -m cli analyze-cond --train C:\omega\omega\corpora\ising1d\ising1d_train.txt --holdout C:\omega\omega\corpora\ising1d\ising1d_tail.txt --mode words --label-mode ib --control global --n 4 --k_ctx 5 --ib-clusters 32 --ib-max-contexts 9000 --stride 1 --seed 111 --bootstrap 2000 --alpha 0.05 --out-json C:\omega\omega\runs\ising1d\ising1d-n4-k5-cl32-ctx9000-s1-sd111-bs2000-a0p05-tGLOBAL_shuffle-b70bba6edb0e\ising1d-n4-k5-cl32-ctx9000-s1-sd111-bs2000-a0p05-tGLOBAL_shuffle-b70bba6edb0e.json,166.718,ising1d,0,b70bba6edb0e,OK,ising1d-n4-k5-cl32-ctx9000-s1-sd111-bs2000-a0p05-tGLOBAL_shuffle-b70bba6edb0e
C:\Users\KOMFIG\anaconda3\python.exe -m cli analyze-cond --train C:\omega\omega\corpora\ising1d\ising1d_train.txt --holdout C:\omega\omega\corpora\ising1d\ising1d_tail.txt --mode words --label-mode ib --control global --n 4 --k_ctx 5 --ib-clusters 32 --ib-max-contexts 6000 --stride 1 --seed 333 --bootstrap 2000 --alpha 0.05 --out-json C:\omega\omega\runs\ising1d\ising1d-n4-k5-cl32-ctx6000-s1-sd333-bs2000-a0p05-tGLOBAL_shuffle-3a022ead7c38\ising1d-n4-k5-cl32-ctx6000-s1-sd333-bs2000-a0p05-tGLOBAL_shuffle-3a022ead7c38.json,169.375,ising1d,0,3a022ead7c38,OK,ising1d-n4-k5-cl32-ctx6000-s1-sd333-bs2000-a0p05-tGLOBAL_shuffle-3a022ead7c38
C:\Users\KOMFIG\anaconda3\python.exe -m cli analyze-cond --train C:\omega\omega\corpora\ising1d\ising1d_train.txt --holdout C:\omega\omega\corpora\ising1d\ising1d_tail.txt --mode words --label-mode ib --control global --n 4 --k_ctx 5 --ib-clusters 32 --ib-max-contexts 9000 --stride 1 --seed 333 --bootstrap 2000 --alpha 0.05 --out-json C:\omega\omega\runs\ising1d\ising1d-n4-k5-cl32-ctx9000-s1-sd333-bs2000-a0p05-tGLOBAL_shuffle-27286ba78a1f\ising1d-n4-k5-cl32-ctx9000-s1-sd333-bs2000-a0p05-tGLOBAL_shuffle-27286ba78a1f.json,160.739,ising1d,0,27286ba78a1f,OK,ising1d-n4-k5-cl32-ctx9000-s1-sd333-bs2000-a0p05-tGLOBAL_shuffle-27286ba78a1f
C:\Users\KOMFIG\anaconda3\python.exe -m cli analyze-cond --train C:\omega\omega\corpora\ising1d\ising1d_train.txt --holdout C:\omega\omega\corpora\ising1d\ising1d_tail.txt --mode words --label-mode ib --control global --n 4 --k_ctx 5 --ib-clusters 32 --ib-max-contexts 6000 --stride 2 --seed 111 --bootstrap 2000 --alpha 0.05 --out-json C:\omega\omega\runs\ising1d\ising1d-n4-k5-cl32-ctx6000-s2-sd111-bs2000-a0p05-tGLOBAL_shuffle-8694083ece68\ising1d-n4-k5-cl32-ctx6000-s2-sd111-bs2000-a0p05-tGLOBAL_shuffle-8694083ece68.json,166.642,ising1d,0,8694083ece68,OK,ising1d-n4-k5-cl32-ctx6000-s2-sd111-bs2000-a0p05-tGLOBAL_shuffle-8694083ece68
C:\Users\KOMFIG\anaconda3\python.exe -m cli analyze-cond --train C:\omega\omega\corpora\ising1d\ising1d_train.txt --holdout C:\omega\omega\corpora\ising1d\ising1d_tail.txt --mode words --label-mode ib --control global --n 4 --k_ctx 5 --ib-clusters 32 --ib-max-contexts 9000 --stride 2 --seed 111 --bootstrap 2000 --alpha 0.05 --out-json C:\omega\omega\runs\ising1d\ising1d-n4-k5-cl32-ctx9000-s2-sd111-bs2000-a0p05-tGLOBAL_shuffle-2693ae859e63\ising1d-n4-k5-cl32-ctx9000-s2-sd111-bs2000-a0p05-tGLOBAL_shuffle-2693ae859e63.json,167.529,ising1d,0,2693ae859e63,OK,ising1d-n4-k5-cl32-ctx9000-s2-sd111-bs2000-a0p05-tGLOBAL_shuffle-2693ae859e63
C:\Users\KOMFIG\anaconda3\python.exe -m cli analyze-cond --train C:\omega\omega\corpora\ising1d\ising1d_train.txt --holdout C:\omega\omega\corpora\ising1d\ising1d_tail.txt --mode words --label-mode ib --control global --n 4 --k_ctx 5 --ib-clusters 32 --ib-max-contexts 6000 --stride 2 --seed 333 --bootstrap 2000 --alpha 0.05 --out-json C:\omega\omega\runs\ising1d\ising1d-n4-k5-cl32-ctx6000-s2-sd333-bs2000-a0p05-tGLOBAL_shuffle-f648daa03c8f\ising1d-n4-k5-cl32-ctx6000-s2-sd333-bs2000-a0p05-tGLOBAL_shuffle-f648daa03c8f.json,167.719,ising1d,0,f648daa03c8f,OK,ising1d-n4-k5-cl32-ctx6000-s2-sd333-bs2000-a0p05-tGLOBAL_shuffle-f648daa03c8f
C:\Users\KOMFIG\anaconda3\python.exe -m cli analyze-cond --train C:\omega\omega\corpora\ising1d\ising1d_train.txt --holdout C:\omega\omega\corpora\ising1d\ising1d_tail.txt --mode words --label-mode ib --control global --n 4 --k_ctx 5 --ib-clusters 32 --ib-max-contexts 9000 --stride 2 --seed 333 --bootstrap 2000 --alpha 0.05 --out-json C:\omega\omega\runs\ising1d\ising1d-n4-k5-cl32-ctx9000-s2-sd333-bs2000-a0p05-tGLOBAL_shuffle-800c57dae289\ising1d-n4-k5-cl32-ctx9000-s2-sd333-bs2000-a0p05-tGLOBAL_shuffle-800c57dae289.json,156.469,ising1d,0,800c57dae289,OK,ising1d-n4-k5-cl32-ctx9000-s2-sd333-bs2000-a0p05-tGLOBAL_shuffle-800c57dae289
C:\Users\KOMFIG\anaconda3\python.exe -m cli analyze-cond --train C:\omega\omega\corpora\ising1d\ising1d_train.txt --holdout C:\omega\omega\corpora\ising1d\ising1d_tail.txt --mode words --label-mode ib --control global --n 4 --k_ctx 5 --ib-clusters 64 --ib-max-contexts 6000 --stride 1 --seed 111 --bootstrap 2000 --alpha 0.05 --out-json C:\omega\omega\runs\ising1d\ising1d-n4-k5-cl64-ctx6000-s1-sd111-bs2000-a0p05-tGLOBAL_shuffle-245798148914\ising1d-n4-k5-cl64-ctx6000-s1-sd111-bs2000-a0p05-tGLOBAL_shuffle-245798148914.json,174.781,ising1d,0,245798148914,OK,ising1d-n4-k5-cl64-ctx6000-s1-sd111-bs2000-a0p05-tGLOBAL_shuffle-245798148914
C:\Users\KOMFIG\anaconda3\python.exe -m cli analyze-cond --train C:\omega\omega\corpora\ising1d\ising1d_train.txt --holdout C:\omega\omega\corpora\ising1d\ising1d_tail.txt --mode words --label-mode ib --control global --n 4 --k_ctx 5 --ib-clusters 64 --ib-max-contexts 9000 --stride 1 --seed 111 --bootstrap 2000 --alpha 0.05 --out-json C:\omega\omega\runs\ising1d\ising1d-n4-k5-cl64-ctx9000-s1-sd111-bs2000-a0p05-tGLOBAL_shuffle-8b51f0142502\ising1d-n4-k5-cl64-ctx9000-s1-sd111-bs2000-a0p05-tGLOBAL_shuffle-8b51f0142502.json,170.016,ising1d,0,8b51f0142502,OK,ising1d-n4-k5-cl64-ctx9000-s1-sd111-bs2000-a0p05-tGLOBAL_shuffle-8b51f0142502
C:\Users\KOMFIG\anaconda3\python.exe -m cli analyze-cond --train C:\omega\omega\corpora\ising1d\ising1d_train.txt --holdout C:\omega\omega\corpora\ising1d\ising1d_tail.txt --mode words --label-mode ib --control global --n 4 --k_ctx 5 --ib-clusters 64 --ib-max-contexts 6000 --stride 1 --seed 333 --bootstrap 2000 --alpha 0.05 --out-json C:\omega\omega\runs\ising1d\ising1d-n4-k5-cl64-ctx6000-s1-sd333-bs2000-a0p05-tGLOBAL_shuffle-bba0ac0f5de0\ising1d-n4-k5-cl64-ctx6000-s1-sd333-bs2000-a0p05-tGLOBAL_shuffle-bba0ac0f5de0.json,167.687,ising1d,0,bba0ac0f5de0,OK,ising1d-n4-k5-cl64-ctx6000-s1-sd333-bs2000-a0p05-tGLOBAL_shuffle-bba0ac0f5de0
C:\Users\KOMFIG\anaconda3\python.exe -m cli analyze-cond --train C:\omega\omega\corpora\ising1d\ising1d_train.txt --holdout C:\omega\omega\corpora\ising1d\ising1d_tail.txt --mode words --label-mode ib --control global --n 4 --k_ctx 5 --ib-clusters 64 --ib-max-contexts 9000 --stride 1 --seed 333 --bootstrap 2000 --alpha 0.05 --out-json C:\omega\omega\runs\ising1d\ising1d-n4-k5-cl64-ctx9000-s1-sd333-bs2000-a0p05-tGLOBAL_shuffle-b587629e90c8\ising1d-n4-k5-cl64-ctx9000-s1-sd333-bs2000-a0p05-tGLOBAL_shuffle-b587629e90c8.json,170.406,ising1d,0,b587629e90c8,OK,ising1d-n4-k5-cl64-ctx9000-s1-sd333-bs2000-a0p05-tGLOBAL_shuffle-b587629e90c8
C:\Users\KOMFIG\anaconda3\python.exe -m cli analyze-cond --train C:\omega\omega\corpora\ising1d\ising1d_train.txt --holdout C:\omega\omega\corpora\ising1d\ising1d_tail.txt --mode words --label-mode ib --control global --n 4 --k_ctx 5 --ib-clusters 64 --ib-max-contexts 6000 --stride 2 --seed 111 --bootstrap 2000 --alpha 0.05 --out-json C:\omega\omega\runs\ising1d\ising1d-n4-k5-cl64-ctx6000-s2-sd111-bs2000-a0p05-tGLOBAL_shuffle-fefe11c4f4fa\ising1d-n4-k5-cl64-ctx6000-s2-sd111-bs2000-a0p05-tGLOBAL_shuffle-fefe11c4f4fa.json,172.937,ising1d,0,fefe11c4f4fa,OK,ising1d-n4-k5-cl64-ctx6000-s2-sd111-bs2000-a0p05-tGLOBAL_shuffle-fefe11c4f4fa
C:\Users\KOMFIG\anaconda3\python.exe -m cli analyze-cond --train C:\omega\omega\corpora\ising1d\ising1d_train.txt --holdout C:\omega\omega\corpora\ising1d\ising1d_tail.txt --mode words --label-mode ib --control global --n 4 --k_ctx 5 --ib-clusters 64 --ib-max-contexts 9000 --stride 2 --seed 111 --bootstrap 2000 --alpha 0.05 --out-json C:\omega\omega\runs\ising1d\ising1d-n4-k5-cl64-ctx9000-s2-sd111-bs2000-a0p05-tGLOBAL_shuffle-6afbe3c3f250\ising1d-n4-k5-cl64-ctx9000-s2-sd111-bs2000-a0p05-tGLOBAL_shuffle-6afbe3c3f250.json,171.502,ising1d,0,6afbe3c3f250,OK,ising1d-n4-k5-cl64-ctx9000-s2-sd111-bs2000-a0p05-tGLOBAL_shuffle-6afbe3c3f250
C:\Users\KOMFIG\anaconda3\python.exe -m cli analyze-cond --train C:\omega\omega\corpora\ising1d\ising1d_train.txt --holdout C:\omega\omega\corpora\ising1d\ising1d_tail.txt --mode words --label-mode ib --control global --n 4 --k_ctx 5 --ib-clusters 64 --ib-max-contexts 6000 --stride 2 --seed 333 --bootstrap 2000 --alpha 0.05 --out-json C:\omega\omega\runs\ising1d\ising1d-n4-k5-cl64-ctx6000-s2-sd333-bs2000-a0p05-tGLOBAL_shuffle-e604ed68754d\ising1d-n4-k5-cl64-ctx6000-s2-sd333-bs2000-a0p05-tGLOBAL_shuffle-e604ed68754d.json,174.765,ising1d,0,e604ed68754d,OK,ising1d-n4-k5-cl64-ctx6000-s2-sd333-bs2000-a0p05-tGLOBAL_shuffle-e604ed68754d
C:\Users\KOMFIG\anaconda3\python.exe -m cli analyze-cond --train C:\omega\omega\corpora\ising1d\ising1d_train.txt --holdout C:\omega\omega\corpora\ising1d\ising1d_tail.txt --mode words --label-mode ib --control global --n 4 --k_ctx 5 --ib-clusters 64 --ib-max-contexts 9000 --stride 2 --seed 333 --bootstrap 2000 --alpha 0.05 --out-json C:\omega\omega\runs\ising1d\ising1d-n4-k5-cl64-ctx9000-s2-sd333-bs2000-a0p05-tGLOBAL_shuffle-4f87de8cc957\ising1d-n4-k5-cl64-ctx9000-s2-sd333-bs2000-a0p05-tGLOBAL_shuffle-4f87de8cc957.json,163.937,ising1d,0,4f87de8cc957,OK,ising1d-n4-k5-cl64-ctx9000-s2-sd333-bs2000-a0p05-tGLOBAL_shuffle-4f87de8cc957
C:\Users\KOMFIG\anaconda3\python.exe -m cli analyze-cond --train C:\omega\omega\corpora\ising1d\ising1d_train.txt --holdout C:\omega\omega\corpora\ising1d\ising1d_tail.txt --mode words --label-mode ib --control global --n 4 --k_ctx 7 --ib-clusters 32 --ib-max-contexts 6000 --stride 1 --seed 111 --bootstrap 2000 --alpha 0.05 --out-json C:\omega\omega\runs\ising1d\ising1d-n4-k7-cl32-ctx6000-s1-sd111-bs2000-a0p05-tGLOBAL_shuffle-b2d38c64e578\ising1d-n4-k7-cl32-ctx6000-s1-sd111-bs2000-a0p05-tGLOBAL_shuffle-b2d38c64e578.json,163.017,ising1d,0,b2d38c64e578,OK,ising1d-n4-k7-cl32-ctx6000-s1-sd111-bs2000-a0p05-tGLOBAL_shuffle-b2d38c64e578
C:\Users\KOMFIG\anaconda3\python.exe -m cli analyze-cond --train C:\omega\omega\corpora\ising1d\ising1d_train.txt --holdout C:\omega\omega\corpora\ising1d\ising1d_tail.txt --mode words --label-mode ib --control global --n 4 --k_ctx 7 --ib-clusters 32 --ib-max-contexts 9000 --stride 1 --seed 111 --bootstrap 2000 --alpha 0.05 --out-json C:\omega\omega\runs\ising1d\ising1d-n4-k7-cl32-ctx9000-s1-sd111-bs2000-a0p05-tGLOBAL_shuffle-83aeee36cf37\ising1d-n4-k7-cl32-ctx9000-s1-sd111-bs2000-a0p05-tGLOBAL_shuffle-83aeee36cf37.json,155.826,ising1d,0,83aeee36cf37,OK,ising1d-n4-k7-cl32-ctx9000-s1-sd111-bs2000-a0p05-tGLOBAL_shuffle-83aeee36cf37
C:\Users\KOMFIG\anaconda3\python.exe -m cli analyze-cond --train C:\omega\omega\corpora\ising1d\ising1d_train.txt --holdout C:\omega\omega\corpora\ising1d\ising1d_tail.txt --mode words --label-mode ib --control global --n 4 --k_ctx 7 --ib-clusters 32 --ib-max-contexts 6000 --stride 1 --seed 333 --bootstrap 2000 --alpha 0.05 --out-json C:\omega\omega\runs\ising1d\ising1d-n4-k7-cl32-ctx6000-s1-sd333-bs2000-a0p05-tGLOBAL_shuffle-3ca368699133\ising1d-n4-k7-cl32-ctx6000-s1-sd333-bs2000-a0p05-tGLOBAL_shuffle-3ca368699133.json,155.231,ising1d,0,3ca368699133,OK,ising1d-n4-k7-cl32-ctx6000-s1-sd333-bs2000-a0p05-tGLOBAL_shuffle-3ca368699133
C:\Users\KOMFIG\anaconda3\python.exe -m cli analyze-cond --train C:\omega\omega\corpora\ising1d\ising1d_train.txt --holdout C:\omega\omega\corpora\ising1d\ising1d_tail.txt --mode words --label-mode ib --control global --n 4 --k_ctx 7 --ib-clusters 32 --ib-max-contexts 9000 --stride 1 --seed 333 --bootstrap 2000 --alpha 0.05 --out-json C:\omega\omega\runs\ising1d\ising1d-n4-k7-cl32-ctx9000-s1-sd333-bs2000-a0p05-tGLOBAL_shuffle-7b3775144a4a\ising1d-n4-k7-cl32-ctx9000-s1-sd333-bs2000-a0p05-tGLOBAL_shuffle-7b3775144a4a.json,166.329,ising1d,0,7b3775144a4a,OK,ising1d-n4-k7-cl32-ctx9000-s1-sd333-bs2000-a0p05-tGLOBAL_shuffle-7b3775144a4a
C:\Users\KOMFIG\anaconda3\python.exe -m cli analyze-cond --train C:\omega\omega\corpora\ising1d\ising1d_train.txt --holdout C:\omega\omega\corpora\ising1d\ising1d_tail.txt --mode words --label-mode ib --control global --n 4 --k_ctx 7 --ib-clusters 32 --ib-max-contexts 6000 --stride 2 --seed 111 --bootstrap 2000 --alpha 0.05 --out-json C:\omega\omega\runs\ising1d\ising1d-n4-k7-cl32-ctx6000-s2-sd111-bs2000-a0p05-tGLOBAL_shuffle-d0032e303109\ising1d-n4-k7-cl32-ctx6000-s2-sd111-bs2000-a0p05-tGLOBAL_shuffle-d0032e303109.json,164.659,ising1d,0,d0032e303109,OK,ising1d-n4-k7-cl32-ctx6000-s2-sd111-bs2000-a0p05-tGLOBAL_shuffle-d0032e303109
C:\Users\KOMFIG\anaconda3\python.exe -m cli analyze-cond --train C:\omega\omega\corpora\ising1d\ising1d_train.txt --holdout C:\omega\omega\corpora\ising1d\ising1d_tail.txt --mode words --label-mode ib --control global --n 4 --k_ctx 7 --ib-clusters 32 --ib-max-contexts 9000 --stride 2 --seed 111 --bootstrap 2000 --alpha 0.05 --out-json C:\omega\omega\runs\ising1d\ising1d-n4-k7-cl32-ctx9000-s2-sd111-bs2000-a0p05-tGLOBAL_shuffle-09ac61ccbc4c\ising1d-n4-k7-cl32-ctx9000-s2-sd111-bs2000-a0p05-tGLOBAL_shuffle-09ac61ccbc4c.json,163.91,ising1d,0,09ac61ccbc4c,OK,ising1d-n4-k7-cl32-ctx9000-s2-sd111-bs2000-a0p05-tGLOBAL_shuffle-09ac61ccbc4c
C:\Users\KOMFIG\anaconda3\python.exe -m cli analyze-cond --train C:\omega\omega\corpora\ising1d\ising1d_train.txt --holdout C:\omega\omega\corpora\ising1d\ising1d_tail.txt --mode words --label-mode ib --control global --n 4 --k_ctx 7 --ib-clusters 32 --ib-max-contexts 6000 --stride 2 --seed 333 --bootstrap 2000 --alpha 0.05 --out-json C:\omega\omega\runs\ising1d\ising1d-n4-k7-cl32-ctx6000-s2-sd333-bs2000-a0p05-tGLOBAL_shuffle-c61d525f8840\ising1d-n4-k7-cl32-ctx6000-s2-sd333-bs2000-a0p05-tGLOBAL_shuffle-c61d525f8840.json,163.074,ising1d,0,c61d525f8840,OK,ising1d-n4-k7-cl32-ctx6000-s2-sd333-bs2000-a0p05-tGLOBAL_shuffle-c61d525f8840
C:\Users\KOMFIG\anaconda3\python.exe -m cli analyze-cond --train C:\omega\omega\corpora\ising1d\ising1d_train.txt --holdout C:\omega\omega\corpora\ising1d\ising1d_tail.txt --mode words --label-mode ib --control global --n 4 --k_ctx 7 --ib-clusters 32 --ib-max-contexts 9000 --stride 2 --seed 333 --bootstrap 2000 --alpha 0.05 --out-json C:\omega\omega\runs\ising1d\ising1d-n4-k7-cl32-ctx9000-s2-sd333-bs2000-a0p05-tGLOBAL_shuffle-b45ff618cc44\ising1d-n4-k7-cl32-ctx9000-s2-sd333-bs2000-a0p05-tGLOBAL_shuffle-b45ff618cc44.json,159.593,ising1d,0,b45ff618cc44,OK,ising1d-n4-k7-cl32-ctx9000-s2-sd333-bs2000-a0p05-tGLOBAL_shuffle-b45ff618cc44
C:\Users\KOMFIG\anaconda3\python.exe -m cli analyze-cond --train C:\omega\omega\corpora\ising1d\ising1d_train.txt --holdout C:\omega\omega\corpora\ising1d\ising1d_tail.txt --mode words --label-mode ib --control global --n 4 --k_ctx 7 --ib-clusters 64 --ib-max-contexts 6000 --stride 1 --seed 111 --bootstrap 2000 --alpha 0.05 --out-json C:\omega\omega\runs\ising1d\ising1d-n4-k7-cl64-ctx6000-s1-sd111-bs2000-a0p05-tGLOBAL_shuffle-378787d68f9d\ising1d-n4-k7-cl64-ctx6000-s1-sd111-bs2000-a0p05-tGLOBAL_shuffle-378787d68f9d.json,162.874,ising1d,0,378787d68f9d,OK,ising1d-n4-k7-cl64-ctx6000-s1-sd111-bs2000-a0p05-tGLOBAL_shuffle-378787d68f9d
C:\Users\KOMFIG\anaconda3\python.exe -m cli analyze-cond --train C:\omega\omega\corpora\ising1d\ising1d_train.txt --holdout C:\omega\omega\corpora\ising1d\ising1d_tail.txt --mode words --label-mode ib --control global --n 4 --k_ctx 7 --ib-clusters 64 --ib-max-contexts 9000 --stride 1 --seed 111 --bootstrap 2000 --alpha 0.05 --out-json C:\omega\omega\runs\ising1d\ising1d-n4-k7-cl64-ctx9000-s1-sd111-bs2000-a0p05-tGLOBAL_shuffle-4ceea0cfff9b\ising1d-n4-k7-cl64-ctx9000-s1-sd111-bs2000-a0p05-tGLOBAL_shuffle-4ceea0cfff9b.json,171.156,ising1d,0,4ceea0cfff9b,OK,ising1d-n4-k7-cl64-ctx9000-s1-sd111-bs2000-a0p05-tGLOBAL_shuffle-4ceea0cfff9b
C:\Users\KOMFIG\anaconda3\python.exe -m cli analyze-cond --train C:\omega\omega\corpora\ising1d\ising1d_train.txt --holdout C:\omega\omega\corpora\ising1d\ising1d_tail.txt --mode words --label-mode ib --control global --n 4 --k_ctx 7 --ib-clusters 64 --ib-max-contexts 6000 --stride 1 --seed 333 --bootstrap 2000 --alpha 0.05 --out-json C:\omega\omega\runs\ising1d\ising1d-n4-k7-cl64-ctx6000-s1-sd333-bs2000-a0p05-tGLOBAL_shuffle-ae75ad529d34\ising1d-n4-k7-cl64-ctx6000-s1-sd333-bs2000-a0p05-tGLOBAL_shuffle-ae75ad529d34.json,162.079,ising1d,0,ae75ad529d34,OK,ising1d-n4-k7-cl64-ctx6000-s1-sd333-bs2000-a0p05-tGLOBAL_shuffle-ae75ad529d34
C:\Users\KOMFIG\anaconda3\python.exe -m cli analyze-cond --train C:\omega\omega\corpora\ising1d\ising1d_train.txt --holdout C:\omega\omega\corpora\ising1d\ising1d_tail.txt --mode words --label-mode ib --control global --n 4 --k_ctx 7 --ib-clusters 64 --ib-max-contexts 9000 --stride 1 --seed 333 --bootstrap 2000 --alpha 0.05 --out-json C:\omega\omega\runs\ising1d\ising1d-n4-k7-cl64-ctx9000-s1-sd333-bs2000-a0p05-tGLOBAL_shuffle-711e1826c2ba\ising1d-n4-k7-cl64-ctx9000-s1-sd333-bs2000-a0p05-tGLOBAL_shuffle-711e1826c2ba.json,160.671,ising1d,0,711e1826c2ba,OK,ising1d-n4-k7-cl64-ctx9000-s1-sd333-bs2000-a0p05-tGLOBAL_shuffle-711e1826c2ba
C:\Users\KOMFIG\anaconda3\python.exe -m cli analyze-cond --train C:\omega\omega\corpora\ising1d\ising1d_train.txt --holdout C:\omega\omega\corpora\ising1d\ising1d_tail.txt --mode words --label-mode ib --control global --n 4 --k_ctx 7 --ib-clusters 64 --ib-max-contexts 6000 --stride 2 --seed 111 --bootstrap 2000 --alpha 0.05 --out-json C:\omega\omega\runs\ising1d\ising1d-n4-k7-cl64-ctx6000-s2-sd111-bs2000-a0p05-tGLOBAL_shuffle-cd874531655b\ising1d-n4-k7-cl64-ctx6000-s2-sd111-bs2000-a0p05-tGLOBAL_shuffle-cd874531655b.json,109.093,ising1d,0,cd874531655b,OK,ising1d-n4-k7-cl64-ctx6000-s2-sd111-bs2000-a0p05-tGLOBAL_shuffle-cd874531655b
C:\Users\KOMFIG\anaconda3\python.exe -m cli analyze-cond --train C:\omega\omega\corpora\ising1d\ising1d_train.txt --holdout C:\omega\omega\corpora\ising1d\ising1d_tail.txt --mode words --label-mode ib --control global --n 4 --k_ctx 7 --ib-clusters 64 --ib-max-contexts 9000 --stride 2 --seed 111 --bootstrap 2000 --alpha 0.05 --out-json C:\omega\omega\runs\ising1d\ising1d-n4-k7-cl64-ctx9000-s2-sd111-bs2000-a0p05-tGLOBAL_shuffle-5ee5d4ee2a85\ising1d-n4-k7-cl64-ctx9000-s2-sd111-bs2000-a0p05-tGLOBAL_shuffle-5ee5d4ee2a85.json,101.376,ising1d,0,5ee5d4ee2a85,OK,ising1d-n4-k7-cl64-ctx9000-s2-sd111-bs2000-a0p05-tGLOBAL_shuffle-5ee5d4ee2a85
C:\Users\KOMFIG\anaconda3\python.exe -m cli analyze-cond --train C:\omega\omega\corpora\ising1d\ising1d_train.txt --holdout C:\omega\omega\corpora\ising1d\ising1d_tail.txt --mode words --label-mode ib --control global --n 4 --k_ctx 7 --ib-clusters 64 --ib-max-contexts 6000 --stride 2 --seed 333 --bootstrap 2000 --alpha 0.05 --out-json C:\omega\omega\runs\ising1d\ising1d-n4-k7-cl64-ctx6000-s2-sd333-bs2000-a0p05-tGLOBAL_shuffle-594417a8ea4d\ising1d-n4-k7-cl64-ctx6000-s2-sd333-bs2000-a0p05-tGLOBAL_shuffle-594417a8ea4d.json,101.172,ising1d,0,594417a8ea4d,OK,ising1d-n4-k7-cl64-ctx6000-s2-sd333-bs2000-a0p05-tGLOBAL_shuffle-594417a8ea4d
C:\Users\KOMFIG\anaconda3\python.exe -m cli analyze-cond --train C:\omega\omega\corpora\ising1d\ising1d_train.txt --holdout C:\omega\omega\corpora\ising1d\ising1d_tail.txt --mode words --label-mode ib --control global --n 4 --k_ctx 7 --ib-clusters 64 --ib-max-contexts 9000 --stride 2 --seed 333 --bootstrap 2000 --alpha 0.05 --out-json C:\omega\omega\runs\ising1d\ising1d-n4-k7-cl64-ctx9000-s2-sd333-bs2000-a0p05-tGLOBAL_shuffle-1352609fbac8\ising1d-n4-k7-cl64-ctx9000-s2-sd333-bs2000-a0p05-tGLOBAL_shuffle-1352609fbac8.json,103.547,ising1d,0,1352609fbac8,OK,ising1d-n4-k7-cl64-ctx9000-s2-sd333-bs2000-a0p05-tGLOBAL_shuffle-1352609fbac8
